{
  "cv_scores": [
    0.9973196881091618,
    0.9976503759398496,
    0.9984161793372319,
    0.9971629971281872,
    0.9970933774258115
  ],
  "cv_mean": 0.9975285235880484,
  "cv_std": 0.0004836020589923029
}